# ************************************************************
# Sequel Pro SQL dump
# Version 3408
#
# http://www.sequelpro.com/
# http://code.google.com/p/sequel-pro/
#
# Host: 127.0.0.1 (MySQL 5.5.25)
# Database: spontify
# Generation Time: 2012-10-21 07:47:13 +0000
# ************************************************************


/*!40101 SET @OLD_CHARACTER_SET_CLIENT=@@CHARACTER_SET_CLIENT */;
/*!40101 SET @OLD_CHARACTER_SET_RESULTS=@@CHARACTER_SET_RESULTS */;
/*!40101 SET @OLD_COLLATION_CONNECTION=@@COLLATION_CONNECTION */;
/*!40101 SET NAMES utf8 */;
/*!40014 SET @OLD_FOREIGN_KEY_CHECKS=@@FOREIGN_KEY_CHECKS, FOREIGN_KEY_CHECKS=0 */;
/*!40101 SET @OLD_SQL_MODE=@@SQL_MODE, SQL_MODE='NO_AUTO_VALUE_ON_ZERO' */;
/*!40111 SET @OLD_SQL_NOTES=@@SQL_NOTES, SQL_NOTES=0 */;


# Dump of table Controlled
# ------------------------------------------------------------

DROP TABLE IF EXISTS `Controlled`;

CREATE TABLE `Controlled` (
  `id` int(11) unsigned NOT NULL AUTO_INCREMENT,
  `font_id` int(11) DEFAULT NULL,
  `controlled_name` varchar(100) DEFAULT NULL,
  PRIMARY KEY (`id`)
) ENGINE=InnoDB DEFAULT CHARSET=utf8;

LOCK TABLES `Controlled` WRITE;
/*!40000 ALTER TABLE `Controlled` DISABLE KEYS */;

INSERT INTO `Controlled` (`id`, `font_id`, `controlled_name`)
VALUES
	(1,1,'Sans Serif'),
	(2,2,'Sans Serif'),
	(3,3,'Display'),
	(4,4,'Sans Serif'),
	(5,5,'Sans Serif'),
	(6,6,'Serif'),
	(7,7,'Sans Serif'),
	(8,8,'Handwriting'),
	(9,9,'Display'),
	(10,10,'Handwriting'),
	(11,11,'Sans Serif'),
	(12,12,'Serif'),
	(13,13,'Serif'),
	(14,14,'Handwriting'),
	(15,15,'Display'),
	(16,16,'Serif'),
	(17,17,'Serif'),
	(18,18,'Serif'),
	(19,19,'Display'),
	(20,20,'Sans Serif'),
	(21,21,'Sans Serif'),
	(22,22,'Handwriting'),
	(23,23,'Serif'),
	(24,24,'Serif'),
	(25,25,'Display'),
	(26,26,'Sans Serif'),
	(27,27,'Handwriting'),
	(28,28,'Serif'),
	(29,29,'Serif'),
	(30,30,'Serif'),
	(31,31,'Sans Serif'),
	(32,32,'Display'),
	(33,33,'Handwriting'),
	(34,34,'Sans Serif'),
	(35,35,'Sans Serif'),
	(36,36,'Serif'),
	(37,37,'Serif'),
	(38,38,'Sans Serif'),
	(39,39,'Serif'),
	(40,40,'Display'),
	(41,41,'Serif'),
	(42,42,'Handwriting'),
	(43,43,'Sans Serif'),
	(44,44,'Sans Serif'),
	(45,45,'Sans Serif'),
	(46,46,'Handwriting'),
	(47,47,'Sans Serif'),
	(48,48,'Serif'),
	(49,49,'Serif'),
	(50,50,'Sans Serif'),
	(51,51,'Display'),
	(52,52,'Display'),
	(53,53,'Sans Serif'),
	(54,54,'Display'),
	(55,55,'Display'),
	(56,56,'Display'),
	(57,57,'Display'),
	(58,58,'Serif'),
	(59,59,'Display'),
	(60,60,'Display'),
	(61,61,'Display'),
	(62,62,'Display'),
	(63,63,'Handwriting'),
	(64,64,'Serif'),
	(65,65,'Display'),
	(66,66,'Sans Serif'),
	(67,67,'Display'),
	(68,68,'Display'),
	(69,69,'Display'),
	(70,70,'Serif'),
	(71,71,'Sans Serif'),
	(72,72,'Sans Serif'),
	(73,73,'Serif'),
	(74,74,'Handwriting'),
	(75,75,'Display'),
	(76,76,'Display'),
	(77,77,'Handwriting'),
	(78,78,'Handwriting'),
	(79,79,'Serif'),
	(80,80,'Display'),
	(81,81,'Display'),
	(82,82,'Handwriting'),
	(83,83,'Display'),
	(84,84,'Display'),
	(85,85,'Display'),
	(86,86,'Serif'),
	(87,87,'Serif'),
	(88,88,'Display'),
	(89,89,'Sans Serif'),
	(90,90,'Display'),
	(91,91,'Serif'),
	(92,92,'Display'),
	(93,93,'Display'),
	(94,94,'Handwriting'),
	(95,95,'Sans Serif'),
	(96,96,'Sans Serif'),
	(97,97,'Display'),
	(98,98,'Display'),
	(99,99,'Sans Serif'),
	(100,100,'Serif'),
	(101,101,'Sans Serif'),
	(102,102,'Sans Serif'),
	(103,103,'Serif'),
	(104,104,'Sans Serif'),
	(105,105,'Sans Serif'),
	(106,106,'Serif'),
	(107,107,'Sans Serif'),
	(108,108,'Sans Serif'),
	(109,109,'Sans Serif'),
	(110,110,'Display'),
	(111,111,'Serif'),
	(112,112,'Handwriting'),
	(113,113,'Display'),
	(114,114,'Display'),
	(115,115,'Display'),
	(116,116,'Sans Serif'),
	(117,117,'Display'),
	(118,118,'Display'),
	(119,119,'Display'),
	(120,120,'Sans Serif'),
	(121,121,'Display'),
	(122,122,'Display'),
	(123,123,'Sans Serif'),
	(124,124,'Display'),
	(125,125,'Display'),
	(126,126,'Display'),
	(127,127,'Display'),
	(128,128,'Handwriting'),
	(129,129,'Display'),
	(130,130,'Display'),
	(131,131,'Sans Serif'),
	(132,132,'Handwriting'),
	(133,133,'Serif'),
	(134,134,'Display'),
	(135,135,'Handwriting'),
	(136,136,'Sans Serif'),
	(137,137,'Serif'),
	(138,138,'Handwriting'),
	(139,139,'Display'),
	(140,140,'Serif'),
	(141,141,'Serif'),
	(142,142,'Sans Serif'),
	(143,143,'Serif'),
	(144,144,'Handwriting'),
	(145,145,'Handwriting'),
	(146,146,'Display'),
	(147,147,'Handwriting'),
	(148,148,'Sans Serif'),
	(149,149,'Handwriting'),
	(150,150,'Handwriting'),
	(151,151,'Handwriting'),
	(152,152,'Serif'),
	(153,153,'Handwriting'),
	(154,154,'Serif'),
	(155,155,'Sans Serif'),
	(156,156,'Display'),
	(157,157,'Display'),
	(158,158,'Sans Serif'),
	(159,159,'Sans Serif'),
	(160,160,'Sans Serif'),
	(161,161,'Handwriting'),
	(162,162,'Sans Serif'),
	(163,163,'Display'),
	(164,164,'Handwriting'),
	(165,165,'Display'),
	(166,166,'Display'),
	(167,167,'Serif'),
	(168,168,'Sans Serif'),
	(169,169,'Sans Serif'),
	(170,170,'Display'),
	(171,171,'Display'),
	(172,172,'Handwriting'),
	(173,173,'Serif'),
	(174,174,'Display'),
	(175,175,'Serif'),
	(176,176,'Handwriting'),
	(177,177,'Display'),
	(178,178,'Sans Serif'),
	(179,179,'Display'),
	(180,180,'Serif'),
	(181,181,'Display'),
	(182,182,'Display'),
	(183,183,'Serif'),
	(184,184,'Display'),
	(185,185,'Sans Serif'),
	(186,186,'Handwriting'),
	(187,187,'Serif'),
	(188,188,'Display'),
	(189,189,'Serif'),
	(190,190,'Display'),
	(191,191,'Display'),
	(192,192,'Handwriting'),
	(193,193,'Display'),
	(194,194,'Sans Serif'),
	(195,195,'Display'),
	(196,196,'Display'),
	(197,197,'Display'),
	(198,198,'Sans Serif'),
	(199,199,'Display'),
	(200,200,'Display'),
	(201,201,'Sans Serif'),
	(202,202,'Display'),
	(203,203,'Serif'),
	(204,204,'Serif'),
	(205,205,'Sans Serif'),
	(206,206,'Display'),
	(207,207,'Display'),
	(208,208,'Display'),
	(209,209,'Serif'),
	(210,210,'Sans Serif'),
	(211,211,'Handwriting'),
	(212,212,'Display'),
	(213,213,'Serif'),
	(214,214,'Handwriting'),
	(215,215,'Display'),
	(216,216,'Handwriting'),
	(217,217,'Display'),
	(218,218,'Serif'),
	(219,219,'Display'),
	(220,220,'Display'),
	(221,221,'Handwriting'),
	(222,222,'Display'),
	(223,223,'Display'),
	(224,224,'Sans Serif'),
	(225,225,'Serif'),
	(226,226,'Sans Serif'),
	(227,227,'Handwriting'),
	(228,228,'Serif'),
	(229,229,'Display'),
	(230,230,'Serif'),
	(231,231,'Display'),
	(232,232,'Sans Serif'),
	(233,233,'Handwriting'),
	(234,234,'Serif'),
	(235,235,'Sans Serif'),
	(236,236,'Display'),
	(237,237,'Display'),
	(238,238,'Serif'),
	(239,239,'Serif'),
	(240,240,'Serif'),
	(241,241,'Serif'),
	(242,242,'Serif'),
	(243,243,'Serif'),
	(244,244,'Serif'),
	(245,245,'Serif'),
	(246,246,'Serif'),
	(247,247,'Serif'),
	(248,248,'Sans Serif'),
	(249,249,'Sans Serif'),
	(250,250,'Sans Serif'),
	(251,251,'Handwriting'),
	(252,252,'Serif'),
	(253,253,'Sans Serif'),
	(254,254,'Serif'),
	(255,255,'Handwriting'),
	(256,256,'Serif'),
	(257,257,'Display'),
	(258,258,'Handwriting'),
	(259,259,'Sans Serif'),
	(260,260,'Display'),
	(261,261,'Sans Serif'),
	(262,262,'Sans Serif'),
	(263,263,'Serif'),
	(264,264,'Serif'),
	(265,265,'Handwriting'),
	(266,266,'Serif'),
	(267,267,'Sans Serif'),
	(268,268,'Handwriting'),
	(269,269,'Serif'),
	(270,270,'Sans Serif'),
	(271,271,'Sans Serif'),
	(272,272,'Sans Serif'),
	(273,273,'Handwriting'),
	(274,274,'Display'),
	(275,275,'Display'),
	(276,276,'Display'),
	(277,277,'Display'),
	(278,278,'Serif'),
	(279,279,'Display'),
	(280,280,'Serif'),
	(281,281,'Handwriting'),
	(282,282,'Sans Serif'),
	(283,283,'Handwriting'),
	(284,284,'Display'),
	(285,285,'Handwriting'),
	(286,286,'Sans Serif'),
	(287,287,'Handwriting'),
	(288,288,'Handwriting'),
	(289,289,'Serif'),
	(290,290,'Sans Serif'),
	(291,291,'Display'),
	(292,292,'Display'),
	(293,293,'Display'),
	(294,294,'Display'),
	(295,295,'Display'),
	(296,296,'Serif'),
	(297,297,'Display'),
	(298,298,'Display'),
	(299,299,'Serif'),
	(300,300,'Serif'),
	(301,301,'Serif'),
	(302,302,'Display'),
	(303,303,'Display'),
	(304,304,'Display'),
	(305,305,'Display'),
	(306,306,'Serif'),
	(307,307,'Handwriting'),
	(308,308,'Handwriting'),
	(309,309,'Display'),
	(310,310,'Serif'),
	(311,311,'Serif'),
	(312,312,'Display'),
	(313,313,'Display'),
	(314,314,'Sans Serif'),
	(315,315,'Sans Serif'),
	(316,316,'Serif'),
	(317,317,'Serif'),
	(318,318,'Handwriting'),
	(319,319,'Serif'),
	(320,320,'Sans Serif'),
	(321,321,'Sans Serif'),
	(322,322,'Serif'),
	(323,323,'Serif'),
	(324,324,'Sans Serif'),
	(325,325,'Display'),
	(326,326,'Handwriting'),
	(327,327,'Display'),
	(328,328,'Display'),
	(329,329,'Display'),
	(330,330,'Handwriting'),
	(331,331,'Handwriting'),
	(332,332,'Serif'),
	(333,333,'Display'),
	(334,334,'Display'),
	(335,335,'Display'),
	(336,336,'Sans Serif'),
	(337,337,'Handwriting'),
	(338,338,'Sans Serif'),
	(339,339,'Display'),
	(340,340,'Display'),
	(341,341,'Display'),
	(342,342,'Handwriting'),
	(343,343,'Handwriting'),
	(344,344,'Display'),
	(345,345,'Sans Serif'),
	(346,346,'Handwriting'),
	(347,347,'Display'),
	(348,348,'Display'),
	(349,349,'Handwriting'),
	(350,350,'Serif'),
	(351,351,'Sans Serif'),
	(352,352,'Sans Serif'),
	(353,353,'Sans Serif'),
	(354,354,'Display'),
	(355,355,'Display'),
	(356,356,'Handwriting'),
	(357,357,'Handwriting'),
	(358,358,'Handwriting'),
	(359,359,'Handwriting'),
	(360,360,'Handwriting'),
	(361,361,'Handwriting'),
	(362,362,'Sans Serif'),
	(363,363,'Display'),
	(364,364,'Handwriting'),
	(365,365,'Handwriting'),
	(366,366,'Handwriting'),
	(367,367,'Handwriting'),
	(368,368,'Handwriting'),
	(369,369,'Handwriting'),
	(370,370,'Serif'),
	(371,371,'Sans Serif'),
	(372,372,'Handwriting'),
	(373,373,'Display'),
	(374,374,'Sans Serif'),
	(375,375,'Handwriting'),
	(376,376,'Display'),
	(377,377,'Display'),
	(378,378,'Handwriting'),
	(379,379,'Serif'),
	(380,380,'Display'),
	(381,381,'Display'),
	(382,382,'Display'),
	(383,383,'Display'),
	(384,384,'Display'),
	(385,385,'Display'),
	(386,386,'Display'),
	(387,387,'Display'),
	(388,388,'Sans Serif'),
	(389,389,'Sans Serif'),
	(390,390,'Display'),
	(391,391,'Serif'),
	(392,392,'Display'),
	(393,393,'Serif'),
	(394,394,'Display'),
	(395,395,'Serif'),
	(396,396,'Sans Serif'),
	(397,397,'Display'),
	(398,398,'Sans Serif'),
	(399,399,'Display'),
	(400,400,'Sans Serif'),
	(401,401,'Display'),
	(402,402,'Display'),
	(403,403,'Handwriting'),
	(404,404,'Serif'),
	(405,405,'Sans Serif'),
	(406,406,'Sans Serif'),
	(407,407,'Handwriting'),
	(408,408,'Handwriting'),
	(409,409,'Display'),
	(410,410,'Display'),
	(411,411,'Handwriting'),
	(412,412,'Display'),
	(413,413,'Sans Serif'),
	(414,414,'Handwriting'),
	(415,415,'Display'),
	(416,416,'Handwriting'),
	(417,417,'Serif'),
	(418,418,'Serif'),
	(419,419,'Sans Serif'),
	(420,420,'Display'),
	(421,421,'Handwriting'),
	(422,422,'Display'),
	(423,423,'Sans Serif'),
	(424,424,'Display'),
	(425,425,'Serif'),
	(426,426,'Serif'),
	(427,427,'Serif'),
	(428,428,'Display'),
	(429,429,'Display'),
	(430,430,'Display'),
	(431,431,'Serif'),
	(432,432,'Display'),
	(433,433,'Sans Serif'),
	(434,434,'Sans Serif'),
	(435,435,'Serif'),
	(436,436,'Serif'),
	(437,437,'Display'),
	(438,438,'Display'),
	(439,439,'Handwriting'),
	(440,440,'Serif'),
	(441,441,'Display'),
	(442,442,'Sans Serif'),
	(443,443,'Sans Serif'),
	(444,444,'Sans Serif'),
	(445,445,'Sans Serif'),
	(446,446,'Serif'),
	(447,447,'Serif'),
	(448,448,'Sans Serif'),
	(449,449,'Serif'),
	(450,450,'Sans Serif'),
	(451,451,'Serif'),
	(452,452,'Sans Serif'),
	(453,453,'Sans Serif'),
	(454,454,'Sans Serif'),
	(455,455,'Handwriting'),
	(456,456,'Display'),
	(457,457,'Serif'),
	(458,458,'Sans Serif'),
	(459,459,'Display'),
	(460,460,'Display'),
	(461,461,'Display'),
	(462,462,'Sans Serif'),
	(463,463,'Handwriting'),
	(464,464,'Display'),
	(465,465,'Display'),
	(466,466,'Display'),
	(467,467,'Display'),
	(468,468,'Serif'),
	(469,469,'Handwriting'),
	(470,470,'Sans Serif'),
	(471,471,'Sans Serif'),
	(472,472,'Serif'),
	(473,473,'Handwriting'),
	(474,474,'Sans Serif'),
	(475,475,'Handwriting'),
	(476,476,'Sans Serif'),
	(477,477,'Display'),
	(478,478,'Sans Serif'),
	(479,479,'Handwriting'),
	(480,480,'Display'),
	(481,481,'Handwriting'),
	(482,482,'Display'),
	(483,483,'Display'),
	(484,484,'Display'),
	(485,485,'Display'),
	(486,486,'Display'),
	(487,487,'Sans Serif'),
	(488,488,'Handwriting'),
	(489,489,'Display'),
	(490,490,'Display'),
	(491,491,'Handwriting'),
	(492,492,'Handwriting'),
	(493,493,'Sans Serif'),
	(494,494,'Display'),
	(495,495,'Display'),
	(496,496,'Handwriting'),
	(497,497,'Display'),
	(498,498,'Display'),
	(499,499,'Display'),
	(500,500,'Sans Serif'),
	(501,501,'Sans Serif'),
	(502,502,'Display'),
	(503,503,'Display'),
	(504,504,'Sans Serif'),
	(505,505,'Display'),
	(506,506,'Display'),
	(507,507,'Display'),
	(508,508,'Sans Serif'),
	(509,509,'Display'),
	(510,510,'Handwriting'),
	(511,511,'Display'),
	(512,512,'Serif'),
	(513,513,'Sans Serif'),
	(514,514,'Sans Serif'),
	(515,515,'Display'),
	(516,516,'Sans Serif'),
	(517,517,'Display'),
	(518,518,'Display'),
	(519,519,'Display'),
	(520,520,'Display'),
	(521,521,'Display'),
	(522,522,'Display'),
	(523,523,'Display'),
	(524,524,'Serif'),
	(525,525,'Sans Serif'),
	(526,526,'Handwriting'),
	(527,527,'Display'),
	(528,528,'Display'),
	(529,529,'Handwriting'),
	(530,530,'Handwriting'),
	(531,531,'Display'),
	(532,532,'Sans Serif'),
	(533,533,'Sans Serif'),
	(534,534,'Sans Serif'),
	(535,535,'Sans Serif'),
	(536,536,'Serif'),
	(537,537,'Handwriting'),
	(538,538,'Serif'),
	(539,539,'Serif'),
	(540,540,'Display'),
	(541,541,'Sans Serif'),
	(542,542,'Display'),
	(543,543,'Serif'),
	(544,544,'Display'),
	(545,545,'Serif'),
	(546,546,'Sans Serif'),
	(547,547,'Display'),
	(548,548,'Display'),
	(549,549,'Display'),
	(550,550,'Display'),
	(551,551,'Display'),
	(552,552,'Display'),
	(553,553,'Serif'),
	(554,554,'Sans Serif'),
	(555,555,'Sans Serif'),
	(556,556,'Display'),
	(557,557,'Handwriting'),
	(558,558,'Serif'),
	(559,559,'Sans Serif'),
	(560,560,'Display'),
	(561,561,'Serif'),
	(562,562,'Serif'),
	(563,563,'Sans Serif'),
	(564,564,'Display'),
	(565,565,'Handwriting'),
	(566,566,'Display'),
	(567,567,'Display'),
	(568,568,'Display'),
	(569,569,'Sans Serif'),
	(570,570,'Sans Serif'),
	(571,571,'Display'),
	(572,572,'Handwriting');

/*!40000 ALTER TABLE `Controlled` ENABLE KEYS */;
UNLOCK TABLES;


# Dump of table Fonts
# ------------------------------------------------------------

DROP TABLE IF EXISTS `Fonts`;

CREATE TABLE `Fonts` (
  `id` int(11) unsigned NOT NULL AUTO_INCREMENT,
  `font_name` varchar(255) DEFAULT NULL,
  PRIMARY KEY (`id`)
) ENGINE=InnoDB DEFAULT CHARSET=utf8;

LOCK TABLES `Fonts` WRITE;
/*!40000 ALTER TABLE `Fonts` DISABLE KEYS */;

INSERT INTO `Fonts` (`id`, `font_name`)
VALUES
	(1,'abeezee'),
	(2,'abel'),
	(3,'abrilfatface'),
	(4,'acme'),
	(5,'actor'),
	(6,'adamina'),
	(7,'adventpro'),
	(8,'aguafinascript'),
	(9,'akronim'),
	(10,'aladin'),
	(11,'aldrich'),
	(12,'alegreya'),
	(13,'alegreyasc'),
	(14,'alexbrush'),
	(15,'alfaslabone'),
	(16,'alice'),
	(17,'alike'),
	(18,'alikeangular'),
	(19,'allan'),
	(20,'allerta'),
	(21,'allertastencil'),
	(22,'allura'),
	(23,'almendra'),
	(24,'almendrasc'),
	(25,'amarante'),
	(26,'amaranth'),
	(27,'amaticsc'),
	(28,'amethysta'),
	(29,'amiri'),
	(30,'andada'),
	(31,'andika'),
	(32,'angkor'),
	(33,'annieuseyourtelescope'),
	(34,'anonymouspro'),
	(35,'antic'),
	(36,'anticdidone'),
	(37,'anticslab'),
	(38,'anton'),
	(39,'arapey'),
	(40,'arbutus'),
	(41,'arbutusslab'),
	(42,'architectsdaughter'),
	(43,'archivoblack'),
	(44,'archivonarrow'),
	(45,'arimo'),
	(46,'arizonia'),
	(47,'armata'),
	(48,'artifika'),
	(49,'arvo'),
	(50,'asap'),
	(51,'asset'),
	(52,'astloch'),
	(53,'asul'),
	(54,'atomicage'),
	(55,'aubrey'),
	(56,'audiowide'),
	(57,'autourone'),
	(58,'average'),
	(59,'averiagruesalibre'),
	(60,'averialibre'),
	(61,'averiasanslibre'),
	(62,'averiaseriflibre'),
	(63,'badscript'),
	(64,'balthazar'),
	(65,'bangers'),
	(66,'basic'),
	(67,'battambang'),
	(68,'baumans'),
	(69,'bayon'),
	(70,'belgrano'),
	(71,'belleza'),
	(72,'benchnine'),
	(73,'bentham'),
	(74,'berkshireswash'),
	(75,'bevan'),
	(76,'bigshotone'),
	(77,'bilbo'),
	(78,'bilboswashcaps'),
	(79,'bitter'),
	(80,'blackopsone'),
	(81,'bokor'),
	(82,'bonbon'),
	(83,'boogaloo'),
	(84,'bowlbyone'),
	(85,'bowlbyonesc'),
	(86,'brawler'),
	(87,'breeserif'),
	(88,'bubblegumsans'),
	(89,'bubblerone'),
	(90,'buda'),
	(91,'buenard'),
	(92,'butcherman'),
	(93,'butchermancaps'),
	(94,'butterflykids'),
	(95,'cabin'),
	(96,'cabincondensed'),
	(97,'cabinsketch'),
	(98,'caesardressing'),
	(99,'cagliostro'),
	(100,'cambo'),
	(101,'candal'),
	(102,'cantarell'),
	(103,'cantataone'),
	(104,'cantoraone'),
	(105,'capriola'),
	(106,'cardo'),
	(107,'carme'),
	(108,'carroisgothic'),
	(109,'carroisgothicsc'),
	(110,'carterone'),
	(111,'caudex'),
	(112,'cedarvillecursive'),
	(113,'cevicheone'),
	(114,'changaone'),
	(115,'chango'),
	(116,'chauphilomeneone'),
	(117,'chelseamarket'),
	(118,'chenla'),
	(119,'chicle'),
	(120,'chivo'),
	(121,'clara'),
	(122,'coda'),
	(123,'codacaption'),
	(124,'codystar'),
	(125,'combo'),
	(126,'comfortaa'),
	(127,'concertone'),
	(128,'condiment'),
	(129,'content'),
	(130,'contrailone'),
	(131,'convergence'),
	(132,'cookie'),
	(133,'copse'),
	(134,'corben'),
	(135,'courgette'),
	(136,'cousine'),
	(137,'coustard'),
	(138,'coveredbyyourgrace'),
	(139,'creepster'),
	(140,'creteround'),
	(141,'crimsontext'),
	(142,'cuprum'),
	(143,'cutive'),
	(144,'damion'),
	(145,'dancingscript'),
	(146,'dangrek'),
	(147,'dawningofanewday'),
	(148,'daysone'),
	(149,'delius'),
	(150,'deliusswashcaps'),
	(151,'deliusunicase'),
	(152,'dellarespira'),
	(153,'devonshire'),
	(154,'dhyana'),
	(155,'didactgothic'),
	(156,'diplomata'),
	(157,'diplomatasc'),
	(158,'doppioone'),
	(159,'dorsa'),
	(160,'dosis'),
	(161,'drsugiyama'),
	(162,'durusans'),
	(163,'dynalight'),
	(164,'eaglelake'),
	(165,'eater'),
	(166,'eatercaps'),
	(167,'ebgaramond'),
	(168,'economica'),
	(169,'electrolize'),
	(170,'emblemaone'),
	(171,'emilyscandy'),
	(172,'engagement'),
	(173,'enriqueta'),
	(174,'ericaone'),
	(175,'esteban'),
	(176,'euphoriascript'),
	(177,'ewert'),
	(178,'exo'),
	(179,'expletussans'),
	(180,'fanwoodtext'),
	(181,'fascinate'),
	(182,'fascinateinline'),
	(183,'fasthand'),
	(184,'federant'),
	(185,'federo'),
	(186,'felipa'),
	(187,'fenix'),
	(188,'fingerpaint'),
	(189,'fjordone'),
	(190,'flamenco'),
	(191,'flavors'),
	(192,'fondamento'),
	(193,'forum'),
	(194,'francoisone'),
	(195,'frederickathegreat'),
	(196,'fredokaone'),
	(197,'freehand'),
	(198,'fresca'),
	(199,'frijole'),
	(200,'fugazone'),
	(201,'galdeano'),
	(202,'galindo'),
	(203,'gentiumbasic'),
	(204,'gentiumbookbasic'),
	(205,'geo'),
	(206,'geostar'),
	(207,'geostarfill'),
	(208,'germaniaone'),
	(209,'gfsdidot'),
	(210,'gfsneohellenic'),
	(211,'giveyouglory'),
	(212,'glassantiqua'),
	(213,'glegoo'),
	(214,'gloriahallelujah'),
	(215,'goblinone'),
	(216,'gochihand'),
	(217,'gorditas'),
	(218,'goudybookletter1911'),
	(219,'graduate'),
	(220,'gravitasone'),
	(221,'greatvibes'),
	(222,'griffy'),
	(223,'gruppo'),
	(224,'gudea'),
	(225,'habibi'),
	(226,'hammersmithone'),
	(227,'handlee'),
	(228,'hanuman'),
	(229,'happymonkey'),
	(230,'headlandone'),
	(231,'hennypenny'),
	(232,'hermeneusone'),
	(233,'herrvonmuellerhoff'),
	(234,'holtwoodonesc'),
	(235,'homenaje'),
	(236,'iceberg'),
	(237,'iceland'),
	(238,'imfelldoublepica'),
	(239,'imfelldoublepicasc'),
	(240,'imfelldwpica'),
	(241,'imfelldwpicasc'),
	(242,'imfellenglish'),
	(243,'imfellenglishsc'),
	(244,'imfellfrenchcanon'),
	(245,'imfellfrenchcanonsc'),
	(246,'imfellgreatprimer'),
	(247,'imfellgreatprimersc'),
	(248,'imprima'),
	(249,'inconsolata'),
	(250,'inder'),
	(251,'indieflower'),
	(252,'inika'),
	(253,'istokweb'),
	(254,'italiana'),
	(255,'italianno'),
	(256,'jacquesfrancois'),
	(257,'jacquesfrancoisshadow'),
	(258,'jimnightshade'),
	(259,'jockeyone'),
	(260,'jollylodger'),
	(261,'josefinsans'),
	(262,'josefinsansstdlight'),
	(263,'josefinslab'),
	(264,'judson'),
	(265,'julee'),
	(266,'junge'),
	(267,'jura'),
	(268,'justmeagaindownhere'),
	(269,'kameron'),
	(270,'karla'),
	(271,'karlatamilinclined'),
	(272,'karlatamilupright'),
	(273,'kaushanscript'),
	(274,'kellyslab'),
	(275,'kenia'),
	(276,'khmer'),
	(277,'knewave'),
	(278,'kottaone'),
	(279,'koulen'),
	(280,'kreon'),
	(281,'kristi'),
	(282,'kronaone'),
	(283,'labelleaurore'),
	(284,'lancelot'),
	(285,'lateef'),
	(286,'lato'),
	(287,'leaguescript'),
	(288,'leckerlione'),
	(289,'ledger'),
	(290,'lekton'),
	(291,'lemon'),
	(292,'lemonone'),
	(293,'lifesavers'),
	(294,'lilitaone'),
	(295,'limelight'),
	(296,'lindenhill'),
	(297,'lobster'),
	(298,'lobstertwo'),
	(299,'lohitbengali'),
	(300,'lohitdevanagari'),
	(301,'lohittamil'),
	(302,'londrinaoutline'),
	(303,'londrinashadow'),
	(304,'londrinasketch'),
	(305,'londrinasolid'),
	(306,'lora'),
	(307,'lovedbytheking'),
	(308,'loversquarrel'),
	(309,'loveyalikeasister'),
	(310,'lusitana'),
	(311,'lustria'),
	(312,'macondo'),
	(313,'macondoswashcaps'),
	(314,'magra'),
	(315,'mako'),
	(316,'marcellus'),
	(317,'marcellussc'),
	(318,'marckscript'),
	(319,'markoone'),
	(320,'marmelad'),
	(321,'marvel'),
	(322,'mate'),
	(323,'matesc'),
	(324,'mavenpro'),
	(325,'mclaren'),
	(326,'meddon'),
	(327,'medievalsharp'),
	(328,'medulaone'),
	(329,'megrim'),
	(330,'meiescript'),
	(331,'meriendaone'),
	(332,'merriweather'),
	(333,'metal'),
	(334,'metalmania'),
	(335,'metamorphous'),
	(336,'metrophobic'),
	(337,'miama'),
	(338,'michroma'),
	(339,'miltonian'),
	(340,'miltoniantattoo'),
	(341,'miniver'),
	(342,'missfajardose'),
	(343,'misssaintdelafield'),
	(344,'modernantiqua'),
	(345,'molengo'),
	(346,'molle'),
	(347,'monofett'),
	(348,'monoton'),
	(349,'monsieurladoulaise'),
	(350,'montaga'),
	(351,'montserrat'),
	(352,'montserratalternates'),
	(353,'montserratsubrayada'),
	(354,'moul'),
	(355,'moulpali'),
	(356,'mrbedford'),
	(357,'mrbedfort'),
	(358,'mrdafoe'),
	(359,'mrdehaviland'),
	(360,'mrssaintdelafield'),
	(361,'mrssheppards'),
	(362,'muli'),
	(363,'mysteryquest'),
	(364,'nanumbrushscript'),
	(365,'nanumgothic'),
	(366,'nanumgothiccoding'),
	(367,'nanummyeongjo'),
	(368,'nanumpenscript'),
	(369,'neucha'),
	(370,'neuton'),
	(371,'newscycle'),
	(372,'niconne'),
	(373,'nixieone'),
	(374,'nobile'),
	(375,'norican'),
	(376,'nosifer'),
	(377,'nosifercaps'),
	(378,'nothingyoucoulddo'),
	(379,'noticiatext'),
	(380,'novacut'),
	(381,'novaflat'),
	(382,'novamono'),
	(383,'novaoval'),
	(384,'novaround'),
	(385,'novascript'),
	(386,'novaslim'),
	(387,'novasquare'),
	(388,'numans'),
	(389,'nunito'),
	(390,'odormeanchey'),
	(391,'oflsortsmillgoudytt'),
	(392,'oldenburg'),
	(393,'oldstandardtt'),
	(394,'oleoscript'),
	(395,'oranienbaum'),
	(396,'orbitron'),
	(397,'oregano'),
	(398,'orienta'),
	(399,'originalsurfer'),
	(400,'oswald'),
	(401,'overlock'),
	(402,'overlocksc'),
	(403,'overtherainbow'),
	(404,'ovo'),
	(405,'oxygen'),
	(406,'oxygenmono'),
	(407,'pacifico'),
	(408,'parisienne'),
	(409,'passeroone'),
	(410,'passionone'),
	(411,'patrickhand'),
	(412,'patuaone'),
	(413,'paytoneone'),
	(414,'pecita'),
	(415,'peralta'),
	(416,'petitformalscript'),
	(417,'petrona'),
	(418,'phetsarath'),
	(419,'philosopher'),
	(420,'piedra'),
	(421,'pinyonscript'),
	(422,'plaster'),
	(423,'play'),
	(424,'playball'),
	(425,'playfairdisplay'),
	(426,'playfairdisplaysc'),
	(427,'podkova'),
	(428,'poetsenone'),
	(429,'poiretone'),
	(430,'pollerone'),
	(431,'poly'),
	(432,'pompiere'),
	(433,'pontanosans'),
	(434,'portlligatsans'),
	(435,'portlligatslab'),
	(436,'prata'),
	(437,'preahvihear'),
	(438,'pressstart2p'),
	(439,'princesssofia'),
	(440,'prociono'),
	(441,'prostoone'),
	(442,'ptmono'),
	(443,'ptsans'),
	(444,'ptsanscaption'),
	(445,'ptsansnarrow'),
	(446,'ptserif'),
	(447,'ptserifcaption'),
	(448,'puritan'),
	(449,'quando'),
	(450,'quantico'),
	(451,'quattrocento'),
	(452,'quattrocentosans'),
	(453,'questrial'),
	(454,'quicksand'),
	(455,'qwigley'),
	(456,'racingsansone'),
	(457,'radley'),
	(458,'raleway'),
	(459,'ralewaydots'),
	(460,'rammettoone'),
	(461,'ranchers'),
	(462,'rationale'),
	(463,'reeniebeanie'),
	(464,'revalia'),
	(465,'ribeye'),
	(466,'ribeyemarrow'),
	(467,'righteous'),
	(468,'rokkitt'),
	(469,'romanesco'),
	(470,'ropasans'),
	(471,'rosario'),
	(472,'rosarivo'),
	(473,'rougescript'),
	(474,'ruda'),
	(475,'rugeboogie'),
	(476,'ruluko'),
	(477,'ruslandisplay'),
	(478,'russoone'),
	(479,'ruthie'),
	(480,'rye'),
	(481,'sacramento'),
	(482,'sail'),
	(483,'salsa'),
	(484,'sancreek'),
	(485,'sansitaone'),
	(486,'sarina'),
	(487,'scada'),
	(488,'scheherazade'),
	(489,'seaweedscript'),
	(490,'sevillana'),
	(491,'shadowsintolight'),
	(492,'shadowsintolighttwo'),
	(493,'shanti'),
	(494,'share'),
	(495,'shojumaru'),
	(496,'shortstack'),
	(497,'siamreap'),
	(498,'siemreap'),
	(499,'sigmarone'),
	(500,'signika'),
	(501,'signikanegative'),
	(502,'simonetta'),
	(503,'sirinstencil'),
	(504,'sixcaps'),
	(505,'skranji'),
	(506,'smythe'),
	(507,'sniglet'),
	(508,'snippet'),
	(509,'sofadione'),
	(510,'sofia'),
	(511,'sonsieone'),
	(512,'sortsmillgoudy'),
	(513,'sourcecodepro'),
	(514,'sourcesanspro'),
	(515,'spicyrice'),
	(516,'spinnaker'),
	(517,'spirax'),
	(518,'squadaone'),
	(519,'stalinistone'),
	(520,'stalinone'),
	(521,'stardosstencil'),
	(522,'stintultracondensed'),
	(523,'stintultraexpanded'),
	(524,'stoke'),
	(525,'strong'),
	(526,'sueellenfrancisco'),
	(527,'supermercadoone'),
	(528,'suwannaphum'),
	(529,'swankyandmoomoo'),
	(530,'tangerine'),
	(531,'taprom'),
	(532,'telex'),
	(533,'tenorsans'),
	(534,'terminaldosis'),
	(535,'terminaldosislight'),
	(536,'thabit'),
	(537,'thegirlnextdoor'),
	(538,'tienne'),
	(539,'tinos'),
	(540,'titanone'),
	(541,'titilliumweb'),
	(542,'tradewinds'),
	(543,'trocchi'),
	(544,'trochut'),
	(545,'trykker'),
	(546,'tuffy'),
	(547,'tulpenone'),
	(548,'uncialantiqua'),
	(549,'underdog'),
	(550,'unifrakturcook'),
	(551,'unifrakturmaguntia'),
	(552,'unlock'),
	(553,'unna'),
	(554,'varela'),
	(555,'varelaround'),
	(556,'vastshadow'),
	(557,'vibur'),
	(558,'vidaloka'),
	(559,'viga'),
	(560,'voces'),
	(561,'volkhov'),
	(562,'vollkorn'),
	(563,'voltaire'),
	(564,'vt323'),
	(565,'waitingforthesunrise'),
	(566,'wallpoet'),
	(567,'warnes'),
	(568,'wellfleet'),
	(569,'wireone'),
	(570,'yanonekaffeesatz'),
	(571,'yesevaone'),
	(572,'yesteryear');

/*!40000 ALTER TABLE `Fonts` ENABLE KEYS */;
UNLOCK TABLES;


# Dump of table Tag_Links
# ------------------------------------------------------------

DROP TABLE IF EXISTS `Tag_Links`;

CREATE TABLE `Tag_Links` (
  `id` int(11) unsigned NOT NULL AUTO_INCREMENT,
  `font_id` int(11) DEFAULT NULL,
  `tag_id` int(11) DEFAULT NULL,
  `user_id` int(11) DEFAULT NULL,
  `timestamp` timestamp NOT NULL DEFAULT CURRENT_TIMESTAMP ON UPDATE CURRENT_TIMESTAMP,
  PRIMARY KEY (`id`)
) ENGINE=InnoDB DEFAULT CHARSET=utf8;

LOCK TABLES `Tag_Links` WRITE;
/*!40000 ALTER TABLE `Tag_Links` DISABLE KEYS */;

INSERT INTO `Tag_Links` (`id`, `font_id`, `tag_id`, `user_id`, `timestamp`)
VALUES
	(1,229,1,1,'2012-10-21 00:17:49'),
	(2,297,2,1,'2012-10-21 00:18:20');

/*!40000 ALTER TABLE `Tag_Links` ENABLE KEYS */;
UNLOCK TABLES;


# Dump of table Tags
# ------------------------------------------------------------

DROP TABLE IF EXISTS `Tags`;

CREATE TABLE `Tags` (
  `id` int(11) unsigned NOT NULL AUTO_INCREMENT,
  `tag_name` varchar(255) NOT NULL DEFAULT '',
  PRIMARY KEY (`id`)
) ENGINE=InnoDB DEFAULT CHARSET=utf8;

LOCK TABLES `Tags` WRITE;
/*!40000 ALTER TABLE `Tags` DISABLE KEYS */;

INSERT INTO `Tags` (`id`, `tag_name`)
VALUES
	(1,'thematrix'),
	(2,'cray');

/*!40000 ALTER TABLE `Tags` ENABLE KEYS */;
UNLOCK TABLES;


# Dump of table Users
# ------------------------------------------------------------

DROP TABLE IF EXISTS `Users`;

CREATE TABLE `Users` (
  `id` int(11) unsigned NOT NULL AUTO_INCREMENT,
  `username` varchar(255) NOT NULL DEFAULT '',
  `password` varchar(255) DEFAULT NULL,
  PRIMARY KEY (`id`)
) ENGINE=InnoDB DEFAULT CHARSET=utf8;

LOCK TABLES `Users` WRITE;
/*!40000 ALTER TABLE `Users` DISABLE KEYS */;

INSERT INTO `Users` (`id`, `username`, `password`)
VALUES
	(1,'dave',NULL);

/*!40000 ALTER TABLE `Users` ENABLE KEYS */;
UNLOCK TABLES;



/*!40111 SET SQL_NOTES=@OLD_SQL_NOTES */;
/*!40101 SET SQL_MODE=@OLD_SQL_MODE */;
/*!40014 SET FOREIGN_KEY_CHECKS=@OLD_FOREIGN_KEY_CHECKS */;
/*!40101 SET CHARACTER_SET_CLIENT=@OLD_CHARACTER_SET_CLIENT */;
/*!40101 SET CHARACTER_SET_RESULTS=@OLD_CHARACTER_SET_RESULTS */;
/*!40101 SET COLLATION_CONNECTION=@OLD_COLLATION_CONNECTION */;
